<?xml version="1.0" encoding="utf-8" standalone="yes"?><rss version="2.0" xmlns:atom="http://www.w3.org/2005/Atom"><channel><title>In the Media: Podcasts &amp; Interviews on David McKinnon | Entrepreneur &amp; Business Leader</title><link>https://davidmckinnon.com/media/podcasts/</link><description>Recent content in In the Media: Podcasts &amp; Interviews on David McKinnon | Entrepreneur &amp; Business Leader</description><generator>Hugo</generator><language>en-us</language><atom:link href="https://davidmckinnon.com/media/podcasts/index.xml" rel="self" type="application/rss+xml"/></channel></rss>