<?xml version="1.0" encoding="utf-8" standalone="yes"?><rss version="2.0" xmlns:atom="http://www.w3.org/2005/Atom"><channel><title>Sections on David McKinnon | Entrepreneur &amp; Business Leader</title><link>https://davidmckinnon.com/sections/</link><description>Recent content in Sections on David McKinnon | Entrepreneur &amp; Business Leader</description><generator>Hugo</generator><language>en-us</language><atom:link href="https://davidmckinnon.com/sections/index.xml" rel="self" type="application/rss+xml"/><item><title>Ready to build your next project with Hugo?</title><link/><pubDate>Mon, 01 Jan 0001 00:00:00 +0000</pubDate><guid/><description/></item><item><title>What Users Are Saying About Hugoplate</title><link/><pubDate>Mon, 01 Jan 0001 00:00:00 +0000</pubDate><guid/><description/></item></channel></rss>