<?xml version="1.0" encoding="utf-8" standalone="yes"?><rss version="2.0" xmlns:atom="http://www.w3.org/2005/Atom"><channel><title>Categories on David McKinnon | Entrepreneur &amp; Business Leader</title><link>https://davidmckinnon.com/categories/</link><description>Recent content in Categories on David McKinnon | Entrepreneur &amp; Business Leader</description><generator>Hugo</generator><language>en-us</language><atom:link href="https://davidmckinnon.com/categories/index.xml" rel="self" type="application/rss+xml"/></channel></rss>