<?xml version="1.0" encoding="utf-8" standalone="yes"?><rss version="2.0" xmlns:atom="http://www.w3.org/2005/Atom"><channel><title>Meet David on David McKinnon | Entrepreneur &amp; Business Leader</title><link>https://davidmckinnon.com/</link><description>Recent content in Meet David on David McKinnon | Entrepreneur &amp; Business Leader</description><generator>Hugo</generator><language>en-us</language><lastBuildDate>Mon, 01 Jan 0001 00:00:00 +0000</lastBuildDate><atom:link href="https://davidmckinnon.com/index.xml" rel="self" type="application/rss+xml"/><item><title>Elements</title><link>https://davidmckinnon.com/elements/</link><pubDate>Mon, 01 Jan 0001 00:00:00 +0000</pubDate><guid>https://davidmckinnon.com/elements/</guid><description>&lt;details class="table-of-content "&gt;
 &lt;summary&gt;
 
 Table of Contents
 
 &lt;/summary&gt;
 &lt;nav id="TableOfContents"&gt;
 &lt;ol&gt;
 &lt;li&gt;&lt;a href="#heading-2"&gt;Heading 2&lt;/a&gt;
 &lt;ol&gt;
 &lt;li&gt;&lt;a href="#heading-3"&gt;Heading 3&lt;/a&gt;
 &lt;ol&gt;
 &lt;li&gt;&lt;a href="#heading-4"&gt;Heading 4&lt;/a&gt;
 &lt;ol&gt;
 &lt;li&gt;&lt;a href="#heading-5"&gt;Heading 5&lt;/a&gt;&lt;/li&gt;
 &lt;/ol&gt;
 &lt;/li&gt;
 &lt;/ol&gt;
 &lt;/li&gt;
 &lt;li&gt;&lt;a href="#emphasis"&gt;Emphasis&lt;/a&gt;&lt;/li&gt;
 &lt;li&gt;&lt;a href="#button"&gt;Button&lt;/a&gt;&lt;/li&gt;
 &lt;li&gt;&lt;a href="#link"&gt;Link&lt;/a&gt;&lt;/li&gt;
 &lt;li&gt;&lt;a href="#paragraph"&gt;Paragraph&lt;/a&gt;&lt;/li&gt;
 &lt;li&gt;&lt;a href="#ordered-list"&gt;Ordered List&lt;/a&gt;&lt;/li&gt;
 &lt;li&gt;&lt;a href="#unordered-list"&gt;Unordered List&lt;/a&gt;&lt;/li&gt;
 &lt;li&gt;&lt;a href="#notice"&gt;Notice&lt;/a&gt;&lt;/li&gt;
 &lt;li&gt;&lt;a href="#tab"&gt;Tab&lt;/a&gt;&lt;/li&gt;
 &lt;li&gt;&lt;a href="#accordions"&gt;Accordions&lt;/a&gt;&lt;/li&gt;
 &lt;li&gt;&lt;a href="#code-and-syntax-highlighting"&gt;Code and Syntax Highlighting&lt;/a&gt;&lt;/li&gt;
 &lt;li&gt;&lt;a href="#blockquote"&gt;Blockquote&lt;/a&gt;&lt;/li&gt;
 &lt;li&gt;&lt;a href="#tables"&gt;Tables&lt;/a&gt;&lt;/li&gt;
 &lt;li&gt;&lt;a href="#image"&gt;Image&lt;/a&gt;&lt;/li&gt;
 &lt;li&gt;&lt;a href="#gallery"&gt;Gallery&lt;/a&gt;&lt;/li&gt;
 &lt;li&gt;&lt;a href="#slider"&gt;Slider&lt;/a&gt;&lt;/li&gt;
 &lt;li&gt;&lt;a href="#youtube-video"&gt;Youtube video&lt;/a&gt;&lt;/li&gt;
 &lt;li&gt;&lt;a href="#custom-video"&gt;Custom video&lt;/a&gt;&lt;/li&gt;
 &lt;/ol&gt;
 &lt;/li&gt;
 &lt;/ol&gt;
&lt;/nav&gt;
&lt;/details&gt;

&lt;p&gt;Here is an example of headings. You can use this heading by the following markdown rules. For example: use &lt;code&gt;#&lt;/code&gt; for heading 1 and use &lt;code&gt;######&lt;/code&gt; for heading 6.&lt;/p&gt;</description></item><item><title>Privacy</title><link>https://davidmckinnon.com/privacy-policy/</link><pubDate>Mon, 01 Jan 0001 00:00:00 +0000</pubDate><guid>https://davidmckinnon.com/privacy-policy/</guid><description>&lt;h4 id="responsibility-of-contributors"&gt;Responsibility of Contributors&lt;/h4&gt;
&lt;p&gt;Lorem ipsum dolor sit amet, consectetur adipiscing elit. Purus, donec nunc eros, ullamcorper id feugiat quisque aliquam sagittis. Sem turpis sed viverra massa gravida pharetra. Non dui dolor potenti eu dignissim fusce. Ultrices amet, in curabitur a arcu a lectus morbi id. Iaculis erat sagittis in tortor cursus. Molestie urna eu tortor, erat scelerisque eget. Nunc hendrerit sed interdum lacus. Lorem quis viverra sed&lt;/p&gt;</description></item><item><title>Ready to build your next project with Hugo?</title><link/><pubDate>Mon, 01 Jan 0001 00:00:00 +0000</pubDate><guid/><description/></item><item><title>What Users Are Saying About Hugoplate</title><link/><pubDate>Mon, 01 Jan 0001 00:00:00 +0000</pubDate><guid/><description/></item></channel></rss>